[{"pk": 1, "model": "filer.folder", "fields": {"rght": 2, "uploaded_at": "2014-07-17T14:55:22.352Z", "name": "JIFMT 2014", "parent": null, "level": 0, "created_at": "2014-07-17T14:55:22.352Z", "modified_at": "2014-07-17T14:55:22.352Z", "lft": 1, "tree_id": 1, "owner": 1}}, {"pk": 2, "model": "filer.folder", "fields": {"rght": 2, "uploaded_at": "2014-07-17T15:55:39.382Z", "name": "PROPES", "parent": null, "level": 0, "created_at": "2014-07-17T15:55:39.382Z", "modified_at": "2014-07-17T15:55:39.382Z", "lft": 1, "tree_id": 2, "owner": 1}}, {"pk": 3, "model": "filer.folder", "fields": {"rght": 2, "uploaded_at": "2014-07-18T12:39:33.606Z", "name": "banners", "parent": null, "level": 0, "created_at": "2014-07-18T12:39:33.606Z", "modified_at": "2014-07-18T12:39:33.606Z", "lft": 1, "tree_id": 3, "owner": 1}}, {"pk": 4, "model": "filer.folder", "fields": {"rght": 2, "uploaded_at": "2014-07-18T12:54:02.032Z", "name": "Acesso Rapido", "parent": null, "level": 0, "created_at": "2014-07-18T12:54:02.032Z", "modified_at": "2014-07-18T12:54:02.032Z", "lft": 1, "tree_id": 4, "owner": 1}}, {"pk": 5, "model": "filer.folder", "fields": {"rght": 2, "uploaded_at": "2014-07-18T13:19:19.326Z", "name": "eventos", "parent": null, "level": 0, "created_at": "2014-07-18T13:19:19.326Z", "modified_at": "2014-07-18T13:19:19.326Z", "lft": 1, "tree_id": 5, "owner": 1}}, {"pk": 1, "model": "filer.file", "fields": {"sha1": "c54c62a97334036bbe4ebf27df97caa3669558ae", "original_filename": "download", "name": "", "description": null, "modified_at": "2014-07-17T14:57:10.850Z", "_file_size": 29339, "uploaded_at": "2014-07-17T14:57:10.850Z", "file": "filer_public/37/cb/37cbbcee-0db1-43e4-8969-7fb6185c0f78/download", "owner": 1, "is_public": true, "folder": null, "has_all_mandatory_data": false, "polymorphic_ctype": 15}}, {"pk": 2, "model": "filer.file", "fields": {"sha1": "c54c62a97334036bbe4ebf27df97caa3669558ae", "original_filename": "download.jpg", "name": "", "description": null, "modified_at": "2014-07-17T14:58:19.607Z", "_file_size": 29339, "uploaded_at": "2014-07-17T14:57:57.546Z", "file": "filer_public/82/46/82463094-3027-43e2-9a37-98aace24ebe8/download.jpg", "owner": 1, "is_public": true, "folder": 1, "has_all_mandatory_data": false, "polymorphic_ctype": 18}}, {"pk": 3, "model": "filer.file", "fields": {"sha1": "99de5ee7b1d4df8635969b410d4649064c175318", "original_filename": "download (1).jpg", "name": "", "description": null, "modified_at": "2014-07-17T14:58:19.724Z", "_file_size": 107661, "uploaded_at": "2014-07-17T14:58:02.212Z", "file": "filer_public/7a/e5/7ae55257-189a-48ba-ab4c-9feb862ce458/download_1.jpg", "owner": 1, "is_public": true, "folder": 1, "has_all_mandatory_data": false, "polymorphic_ctype": 18}}, {"pk": 4, "model": "filer.file", "fields": {"sha1": "7bb59534323eadae6059d57d685e27230194f6db", "original_filename": "download (2).jpg", "name": "", "description": null, "modified_at": "2014-07-17T14:58:19.855Z", "_file_size": 135031, "uploaded_at": "2014-07-17T14:58:07.920Z", "file": "filer_public/0f/f3/0ff3ae96-7c4c-4b4f-afad-bc76d8ede59d/download_2.jpg", "owner": 1, "is_public": true, "folder": 1, "has_all_mandatory_data": false, "polymorphic_ctype": 18}}, {"pk": 5, "model": "filer.file", "fields": {"sha1": "acc856cb6adcea525fb9a91b799f05f5790fc6a5", "original_filename": "download (4).jpg", "name": "", "description": null, "modified_at": "2014-07-17T14:58:19.995Z", "_file_size": 107312, "uploaded_at": "2014-07-17T14:58:12.690Z", "file": "filer_public/7d/92/7d928f07-03c9-4a0e-8461-e03a6edb91d9/download_4.jpg", "owner": 1, "is_public": true, "folder": 1, "has_all_mandatory_data": false, "polymorphic_ctype": 18}}, {"pk": 6, "model": "filer.file", "fields": {"sha1": "ac1245398e96d5d46b13526a6d29323b427b80c3", "original_filename": "download (3).jpg", "name": "", "description": null, "modified_at": "2014-07-17T14:58:20.123Z", "_file_size": 136419, "uploaded_at": "2014-07-17T14:58:17.026Z", "file": "filer_public/73/90/73907bc6-3b27-4b22-b550-9cc23ac10d26/download_3.jpg", "owner": 1, "is_public": true, "folder": 1, "has_all_mandatory_data": false, "polymorphic_ctype": 18}}, {"pk": 7, "model": "filer.file", "fields": {"sha1": "1ec3fe0f1626ea764f0e2d1b58645841efd160d3", "original_filename": "xadrez.jpg", "name": "", "description": null, "modified_at": "2014-07-17T15:02:01.243Z", "_file_size": 559105, "uploaded_at": "2014-07-17T15:01:58.484Z", "file": "filer_public/97/d4/97d4a599-2eee-4d27-b65f-286edc3bd33e/xadrez.jpg", "owner": 1, "is_public": true, "folder": 1, "has_all_mandatory_data": false, "polymorphic_ctype": 18}}, {"pk": 8, "model": "filer.file", "fields": {"sha1": "1bf435a8864805a3ebd4bc27f9df792d112e95be", "original_filename": "caceres.jpg", "name": "", "description": null, "modified_at": "2014-07-17T15:04:58.978Z", "_file_size": 359522, "uploaded_at": "2014-07-17T15:04:56.520Z", "file": "filer_public/6e/f1/6ef17a2a-c6c4-4766-bd2a-cb4eb10fffe5/caceres.jpg", "owner": 1, "is_public": true, "folder": 1, "has_all_mandatory_data": false, "polymorphic_ctype": 18}}, {"pk": 9, "model": "filer.file", "fields": {"sha1": "6e087b5c582533428cd62f1e14281f8621b40df1", "original_filename": "download (5).jpg", "name": "", "description": null, "modified_at": "2014-07-17T15:16:56.259Z", "_file_size": 553642, "uploaded_at": "2014-07-17T15:16:53.904Z", "file": "filer_public/1c/7e/1c7e2028-fd89-43fe-aa1d-9d42a703992a/download_5.jpg", "owner": 1, "is_public": true, "folder": 1, "has_all_mandatory_data": false, "polymorphic_ctype": 18}}, {"pk": 10, "model": "filer.file", "fields": {"sha1": "82ac9313e928316eebeedb5bcdf782a930f5616b", "original_filename": "\u00cdndice.jpeg", "name": "", "description": null, "modified_at": "2014-07-17T15:35:17.179Z", "_file_size": 2116976, "uploaded_at": "2014-07-17T15:35:12.953Z", "file": "filer_public/84/86/84865ede-9a27-4d5f-bee4-99b665e01b7f/indice.jpeg", "owner": 1, "is_public": true, "folder": 1, "has_all_mandatory_data": false, "polymorphic_ctype": 18}}, {"pk": 11, "model": "filer.file", "fields": {"sha1": "108e1e9cb0900993dd16494946a2b819a70e41a0", "original_filename": "\u00cdndice.parecis.jpeg", "name": "", "description": null, "modified_at": "2014-07-17T15:38:12.625Z", "_file_size": 459540, "uploaded_at": "2014-07-17T15:38:08.563Z", "file": "filer_public/35/36/3536fe56-ff34-47cb-af90-be9a9350cb0e/indiceparecis.jpeg", "owner": 1, "is_public": true, "folder": 1, "has_all_mandatory_data": false, "polymorphic_ctype": 18}}, {"pk": 12, "model": "filer.file", "fields": {"sha1": "76dd20f5e8702abed3ba8a601d18bc416eec1831", "original_filename": "Cuiaba.jpeg", "name": "", "description": null, "modified_at": "2014-07-17T15:40:46.263Z", "_file_size": 400611, "uploaded_at": "2014-07-17T15:40:42.505Z", "file": "filer_public/f6/26/f62658f1-64b8-4123-a1ef-5ce7608f4767/cuiaba.jpeg", "owner": 1, "is_public": true, "folder": 1, "has_all_mandatory_data": false, "polymorphic_ctype": 18}}, {"pk": 13, "model": "filer.file", "fields": {"sha1": "b0a89162a86b1ceb84b3c546357d568c73ba58b1", "original_filename": "Caceres.jpeg", "name": "", "description": null, "modified_at": "2014-07-17T15:42:59.088Z", "_file_size": 1119933, "uploaded_at": "2014-07-17T15:42:54.636Z", "file": "filer_public/10/34/10348b7c-0b29-43e5-84f1-9a26d833427a/caceres.jpeg", "owner": 1, "is_public": true, "folder": 1, "has_all_mandatory_data": false, "polymorphic_ctype": 18}}, {"pk": 14, "model": "filer.file", "fields": {"sha1": "794f0d538b6756d2717b08dff81a897a5cf65434", "original_filename": "abertura 2.jpeg", "name": "", "description": "", "modified_at": "2014-07-17T15:49:27.100Z", "_file_size": 259230, "uploaded_at": "2014-07-17T15:48:06.393Z", "file": "filer_public/e4/50/e45097e2-2e0a-4dea-a7d7-485a6efeeabb/abertura_2.jpeg", "owner": 1, "is_public": true, "folder": 1, "has_all_mandatory_data": false, "polymorphic_ctype": 18}}, {"pk": 15, "model": "filer.file", "fields": {"sha1": "c0d4de35b26cbd9b82f142e7797284fb7dc73e48", "original_filename": "abertura 1.jpeg", "name": "", "description": null, "modified_at": "2014-07-17T15:49:57.724Z", "_file_size": 296596, "uploaded_at": "2014-07-17T15:49:36.368Z", "file": "filer_public/4f/13/4f139854-bd9a-447a-90fd-18e3fe32a862/abertura_1.jpeg", "owner": 1, "is_public": true, "folder": 1, "has_all_mandatory_data": false, "polymorphic_ctype": 18}}, {"pk": 16, "model": "filer.file", "fields": {"sha1": "08614540126f7193996f858349f30aa68c882ac9", "original_filename": "abertura4.jpeg", "name": "", "description": null, "modified_at": "2014-07-17T15:49:57.929Z", "_file_size": 200751, "uploaded_at": "2014-07-17T15:49:42.190Z", "file": "filer_public/84/87/8487fdbf-9fb5-4b4e-ab40-955b33b978e1/abertura4.jpeg", "owner": 1, "is_public": true, "folder": 1, "has_all_mandatory_data": false, "polymorphic_ctype": 18}}, {"pk": 17, "model": "filer.file", "fields": {"sha1": "efda53605ad3ee5b16268f4904df06a3fbe27b1a", "original_filename": "abertura6.jpeg", "name": "", "description": null, "modified_at": "2014-07-17T15:49:58.221Z", "_file_size": 234438, "uploaded_at": "2014-07-17T15:49:43.652Z", "file": "filer_public/7c/71/7c712a8d-d486-4b57-a650-21684f1c46d3/abertura6.jpeg", "owner": 1, "is_public": true, "folder": 1, "has_all_mandatory_data": false, "polymorphic_ctype": 18}}, {"pk": 18, "model": "filer.file", "fields": {"sha1": "7d60b39223d82c2df962c34dd208cbc3eec763de", "original_filename": "abertura3.jpeg", "name": "", "description": null, "modified_at": "2014-07-17T15:50:25.130Z", "_file_size": 168508, "uploaded_at": "2014-07-17T15:50:20.654Z", "file": "filer_public/b8/5d/b85d1c80-e775-43d1-8537-fad7c1f5cdd7/abertura3.jpeg", "owner": 1, "is_public": true, "folder": 1, "has_all_mandatory_data": false, "polymorphic_ctype": 18}}, {"pk": 19, "model": "filer.file", "fields": {"sha1": "c32f8fbdefe30b90b76b1a24a3585609f2b475ef", "original_filename": "abertura5.jpeg", "name": "", "description": null, "modified_at": "2014-07-17T15:50:25.332Z", "_file_size": 215397, "uploaded_at": "2014-07-17T15:50:22.086Z", "file": "filer_public/6d/98/6d98854f-15ff-413b-be23-e620c4676a04/abertura5.jpeg", "owner": 1, "is_public": true, "folder": 1, "has_all_mandatory_data": false, "polymorphic_ctype": 18}}, {"pk": 20, "model": "filer.file", "fields": {"sha1": "45d1656994d60c6eb16ef85a0c778e628e9a9722", "original_filename": "APROVADOS-1-a-120.pdf", "name": "", "description": null, "modified_at": "2014-07-17T15:55:54.865Z", "_file_size": 88571, "uploaded_at": "2014-07-17T15:55:54.865Z", "file": "filer_public/d0/df/d0df8264-8fd6-4b49-ba5e-2a46ed5fcd9c/aprovados-1-a-120.pdf", "owner": 1, "is_public": true, "folder": null, "has_all_mandatory_data": false, "polymorphic_ctype": 15}}, {"pk": 21, "model": "filer.file", "fields": {"sha1": "45d1656994d60c6eb16ef85a0c778e628e9a9722", "original_filename": "APROVADOS-1-a-120.pdf", "name": "", "description": null, "modified_at": "2014-07-17T15:56:15.368Z", "_file_size": 88571, "uploaded_at": "2014-07-17T15:56:04.580Z", "file": "filer_public/1b/b2/1bb2bf5d-0838-4021-9e03-17968b180010/aprovados-1-a-120.pdf", "owner": 1, "is_public": true, "folder": 2, "has_all_mandatory_data": false, "polymorphic_ctype": 15}}, {"pk": 22, "model": "filer.file", "fields": {"sha1": "95bb4c5da50c7b3bb8f859d440ecc9643bb1fcf6", "original_filename": "Recomendados-121-a-157-(1).pdf", "name": "", "description": null, "modified_at": "2014-07-17T15:56:15.702Z", "_file_size": 61663, "uploaded_at": "2014-07-17T15:56:08.715Z", "file": "filer_public/a1/6e/a16ee476-7641-41d3-a863-dc89e69cf124/recomendados-121-a-157-1.pdf", "owner": 1, "is_public": true, "folder": 2, "has_all_mandatory_data": false, "polymorphic_ctype": 15}}, {"pk": 23, "model": "filer.file", "fields": {"sha1": "82fa169e5184a99dd34d8e448b0d4af73dc8685c", "original_filename": "N\u00e3o-classificados-158-a-227.pdf", "name": "", "description": "", "modified_at": "2014-07-17T15:56:35.201Z", "_file_size": 67443, "uploaded_at": "2014-07-17T15:56:12.121Z", "file": "filer_public/31/b2/31b27eed-88cf-4328-8b7a-b6322d0c30fb/nao-classificados-158-a-227.pdf", "owner": 1, "is_public": true, "folder": 2, "has_all_mandatory_data": false, "polymorphic_ctype": 15}}, {"pk": 24, "model": "filer.file", "fields": {"sha1": "5850f4f557958e84b365aa1f17f8abff068ba6e4", "original_filename": "\u00cdndice2.png", "name": "", "description": null, "modified_at": "2014-07-17T16:01:23.121Z", "_file_size": 847033, "uploaded_at": "2014-07-17T16:01:23.121Z", "file": "filer_public/47/ec/47ec2066-b9d6-4e0e-b074-08cee9db3964/indice2.png", "owner": 1, "is_public": true, "folder": null, "has_all_mandatory_data": false, "polymorphic_ctype": 18}}, {"pk": 25, "model": "filer.file", "fields": {"sha1": "90d7748666ddf061488654f32043c456ce263cd8", "original_filename": "\u00cdndice.png", "name": "", "description": null, "modified_at": "2014-07-17T16:01:40.425Z", "_file_size": 887021, "uploaded_at": "2014-07-17T16:01:31.680Z", "file": "filer_public/bf/a5/bfa51b3b-99a9-4ba9-8459-4164d377c66b/indice.png", "owner": 1, "is_public": true, "folder": 1, "has_all_mandatory_data": false, "polymorphic_ctype": 18}}, {"pk": 26, "model": "filer.file", "fields": {"sha1": "5850f4f557958e84b365aa1f17f8abff068ba6e4", "original_filename": "\u00cdndice2.png", "name": "", "description": null, "modified_at": "2014-07-17T16:01:40.584Z", "_file_size": 847033, "uploaded_at": "2014-07-17T16:01:37.126Z", "file": "filer_public/37/9e/379edd0a-d563-4d96-b7a1-11f29b814c7b/indice2.png", "owner": 1, "is_public": true, "folder": 1, "has_all_mandatory_data": false, "polymorphic_ctype": 18}}, {"pk": 27, "model": "filer.file", "fields": {"sha1": "0014f5ac6ed80aba9a3886938b87a75a0b26ca73", "original_filename": "juina.png", "name": "", "description": null, "modified_at": "2014-07-17T16:04:37.136Z", "_file_size": 596381, "uploaded_at": "2014-07-17T16:04:34.303Z", "file": "filer_public/69/7d/697dc6e8-6c5f-473b-aaf7-04791911afe9/juina.png", "owner": 1, "is_public": true, "folder": 1, "has_all_mandatory_data": false, "polymorphic_ctype": 18}}, {"pk": 28, "model": "filer.file", "fields": {"sha1": "578cc3fae0a7252039338865702c4d0b6342455b", "original_filename": "c\u00e1ceres.jpeg", "name": "", "description": null, "modified_at": "2014-07-17T16:06:53.133Z", "_file_size": 572487, "uploaded_at": "2014-07-17T16:06:49.808Z", "file": "filer_public/d2/13/d213dd77-99bb-49e0-8324-094a1d054783/caceres.jpeg", "owner": 1, "is_public": true, "folder": 1, "has_all_mandatory_data": false, "polymorphic_ctype": 18}}, {"pk": 29, "model": "filer.file", "fields": {"sha1": "2fe0816d559cb172cc86b83d477630e66274f923", "original_filename": "rondonopolis.png", "name": "", "description": "", "modified_at": "2014-07-17T16:15:31.484Z", "_file_size": 794663, "uploaded_at": "2014-07-17T16:14:15.012Z", "file": "filer_public/45/f4/45f40814-b705-45bf-adc3-fc8cd449c304/rondonopolis.png", "owner": 1, "is_public": true, "folder": 1, "has_all_mandatory_data": false, "polymorphic_ctype": 18}}, {"pk": 30, "model": "filer.file", "fields": {"sha1": "ac982b13347b675eff8e3558eab004584b72f196", "original_filename": "rondonopolis2.png", "name": "", "description": null, "modified_at": "2014-07-17T16:14:37.334Z", "_file_size": 804997, "uploaded_at": "2014-07-17T16:14:28.484Z", "file": "filer_public/01/ed/01edf4b7-0b2a-4a38-a7d3-9514e1ed7e84/rondonopolis2.png", "owner": 1, "is_public": true, "folder": 1, "has_all_mandatory_data": false, "polymorphic_ctype": 18}}, {"pk": 31, "model": "filer.file", "fields": {"sha1": "bb467b6c138e12641ec0a28512f45c005b3f5ede", "original_filename": "rondonopolis3.png", "name": "", "description": null, "modified_at": "2014-07-17T16:14:37.484Z", "_file_size": 765997, "uploaded_at": "2014-07-17T16:14:34.322Z", "file": "filer_public/0c/f8/0cf88738-99d7-4b98-8170-4706bdc08afa/rondonopolis3.png", "owner": 1, "is_public": true, "folder": 1, "has_all_mandatory_data": false, "polymorphic_ctype": 18}}, {"pk": 32, "model": "filer.file", "fields": {"sha1": "3b60e0808c57d7bf967b7cd50c7c74080d2dd09c", "original_filename": "download1.jpg", "name": "", "description": null, "modified_at": "2014-07-18T12:40:39.982Z", "_file_size": 33439, "uploaded_at": "2014-07-18T12:40:36.140Z", "file": "filer_public/46/44/464410a4-903d-45e7-82cc-c667c86532ac/download1.jpg", "owner": 1, "is_public": true, "folder": 3, "has_all_mandatory_data": false, "polymorphic_ctype": 18}}, {"pk": 33, "model": "filer.file", "fields": {"sha1": "ff2a4ca29b9b62b51693788ab309e90d7e994aef", "original_filename": "download2.jpg", "name": "", "description": null, "modified_at": "2014-07-18T12:42:00.996Z", "_file_size": 32010, "uploaded_at": "2014-07-18T12:41:58.899Z", "file": "filer_public/6b/d0/6bd0911d-f695-448d-82b7-0a43e871c587/download2.jpg", "owner": 1, "is_public": true, "folder": 3, "has_all_mandatory_data": false, "polymorphic_ctype": 18}}, {"pk": 34, "model": "filer.file", "fields": {"sha1": "6521612f5c0208355ebce8992057cf313737e9d4", "original_filename": "download3.png", "name": "", "description": null, "modified_at": "2014-07-18T12:43:03.242Z", "_file_size": 48225, "uploaded_at": "2014-07-18T12:43:00.952Z", "file": "filer_public/db/ee/dbeeefcc-8f33-4459-95b6-dd9df5128a96/download3.png", "owner": 1, "is_public": true, "folder": 3, "has_all_mandatory_data": false, "polymorphic_ctype": 18}}, {"pk": 35, "model": "filer.file", "fields": {"sha1": "06ae299fdd956e8aea3ec7f79882cdd3a559b63f", "original_filename": "download.jpg", "name": "", "description": null, "modified_at": "2014-07-18T12:44:17.669Z", "_file_size": 38721, "uploaded_at": "2014-07-18T12:44:15.797Z", "file": "filer_public/bb/9c/bb9ca668-1e48-4b95-97db-a3420120f7f6/download.jpg", "owner": 1, "is_public": true, "folder": 3, "has_all_mandatory_data": false, "polymorphic_ctype": 18}}, {"pk": 36, "model": "filer.file", "fields": {"sha1": "0ad0243965405409c1560a3a3621db9706d2b588", "original_filename": "download.gif", "name": "", "description": null, "modified_at": "2014-07-18T12:54:22.262Z", "_file_size": 6961, "uploaded_at": "2014-07-18T12:54:20.324Z", "file": "filer_public/db/c0/dbc09c26-c125-4d69-82ef-d188f9848d0b/download.gif", "owner": 1, "is_public": true, "folder": 4, "has_all_mandatory_data": false, "polymorphic_ctype": 18}}, {"pk": 37, "model": "filer.file", "fields": {"sha1": "1e27771692ac7399bd7f541178fd2f35ff5ded52", "original_filename": "download2.jpg", "name": "", "description": null, "modified_at": "2014-07-18T12:56:33.973Z", "_file_size": 19981, "uploaded_at": "2014-07-18T12:56:31.919Z", "file": "filer_public/27/a3/27a3b562-ca47-409b-a288-a16568fd9bed/download2.jpg", "owner": 1, "is_public": true, "folder": 4, "has_all_mandatory_data": false, "polymorphic_ctype": 18}}, {"pk": 38, "model": "filer.file", "fields": {"sha1": "587049b955bd80562531bad359c695b7f7ed837a", "original_filename": "download.jpg", "name": "", "description": null, "modified_at": "2014-07-18T12:59:16.843Z", "_file_size": 139336, "uploaded_at": "2014-07-18T12:59:14.847Z", "file": "filer_public/f8/ad/f8add7fb-59cf-4c41-91ab-0076e41ca63a/download.jpg", "owner": 1, "is_public": true, "folder": 4, "has_all_mandatory_data": false, "polymorphic_ctype": 18}}, {"pk": 39, "model": "filer.file", "fields": {"sha1": "d4015a04886ecabc1ce4e2ece97d3ac2718c847e", "original_filename": "download1.jpg", "name": "", "description": null, "modified_at": "2014-07-18T13:05:50.800Z", "_file_size": 28436, "uploaded_at": "2014-07-18T13:05:48.728Z", "file": "filer_public/c6/f9/c6f98820-64a0-4522-b54c-fb4df5958d24/download1.jpg", "owner": 1, "is_public": true, "folder": 4, "has_all_mandatory_data": false, "polymorphic_ctype": 18}}, {"pk": 40, "model": "filer.file", "fields": {"sha1": "65ae5a13295e5ae161c4660e76c431acab307d85", "original_filename": "download.png", "name": "", "description": null, "modified_at": "2014-07-18T13:07:47.332Z", "_file_size": 16694, "uploaded_at": "2014-07-18T13:07:45.177Z", "file": "filer_public/32/d6/32d6772f-d2fb-4957-a148-e453327eb248/download.png", "owner": 1, "is_public": true, "folder": 4, "has_all_mandatory_data": false, "polymorphic_ctype": 18}}, {"pk": 41, "model": "filer.file", "fields": {"sha1": "868ffdb9e487bc98d0aad64d759d000928a71159", "original_filename": "download3.png", "name": "", "description": null, "modified_at": "2014-07-18T13:08:12.967Z", "_file_size": 16220, "uploaded_at": "2014-07-18T13:08:10.733Z", "file": "filer_public/ae/a9/aea92491-92e2-4872-b727-75a4cc226c7f/download3.png", "owner": 1, "is_public": true, "folder": 4, "has_all_mandatory_data": false, "polymorphic_ctype": 18}}, {"pk": 42, "model": "filer.file", "fields": {"sha1": "47bd27e980702b9bdb69e9cd5bef532472c46d14", "original_filename": "fagner_4.jpg", "name": "", "description": null, "modified_at": "2014-07-18T13:20:00.038Z", "_file_size": 31285, "uploaded_at": "2014-07-18T13:19:57.101Z", "file": "filer_public/bf/35/bf357c4c-1317-4778-bf76-ba2f9dec57ea/fagner_4.jpg", "owner": 1, "is_public": true, "folder": 5, "has_all_mandatory_data": false, "polymorphic_ctype": 18}}, {"pk": 43, "model": "filer.file", "fields": {"sha1": "75d3936d8a00cf330596fca170b1b96a46719eae", "original_filename": "MZ-Bannersparaagenda-orappa.jpg", "name": "", "description": null, "modified_at": "2014-07-18T13:26:22.987Z", "_file_size": 37030, "uploaded_at": "2014-07-18T13:26:20.083Z", "file": "filer_public/e8/b2/e8b2a114-e6ef-4f30-889b-2fb677a8556f/mz-bannersparaagenda-orappa.jpg", "owner": 1, "is_public": true, "folder": 5, "has_all_mandatory_data": false, "polymorphic_ctype": 18}}, {"pk": 1, "model": "filer.clipboard", "fields": {"user": 1}}, {"pk": 2, "model": "filer.image", "fields": {"subject_location": null, "must_always_publish_copyright": false, "date_taken": "2014-07-17T14:57:57.543Z", "author": null, "_height": 213, "_width": 320, "must_always_publish_author_credit": false, "default_alt_text": null, "default_caption": null}}, {"pk": 3, "model": "filer.image", "fields": {"subject_location": null, "must_always_publish_copyright": false, "date_taken": "2014-07-17T14:58:02.210Z", "author": null, "_height": 426, "_width": 640, "must_always_publish_author_credit": false, "default_alt_text": null, "default_caption": null}}, {"pk": 4, "model": "filer.image", "fields": {"subject_location": null, "must_always_publish_copyright": false, "date_taken": "2014-07-17T14:58:07.918Z", "author": null, "_height": 426, "_width": 640, "must_always_publish_author_credit": false, "default_alt_text": null, "default_caption": null}}, {"pk": 5, "model": "filer.image", "fields": {"subject_location": null, "must_always_publish_copyright": false, "date_taken": "2014-07-17T14:58:12.688Z", "author": null, "_height": 426, "_width": 640, "must_always_publish_author_credit": false, "default_alt_text": null, "default_caption": null}}, {"pk": 6, "model": "filer.image", "fields": {"subject_location": null, "must_always_publish_copyright": false, "date_taken": "2014-07-17T14:58:17.025Z", "author": null, "_height": 426, "_width": 640, "must_always_publish_author_credit": false, "default_alt_text": null, "default_caption": null}}, {"pk": 7, "model": "filer.image", "fields": {"subject_location": null, "must_always_publish_copyright": false, "date_taken": "2014-07-17T15:01:58.482Z", "author": null, "_height": 1341, "_width": 1781, "must_always_publish_author_credit": false, "default_alt_text": null, "default_caption": null}}, {"pk": 8, "model": "filer.image", "fields": {"subject_location": null, "must_always_publish_copyright": false, "date_taken": "2014-07-17T15:04:56.517Z", "author": null, "_height": 768, "_width": 1024, "must_always_publish_author_credit": false, "default_alt_text": null, "default_caption": null}}, {"pk": 9, "model": "filer.image", "fields": {"subject_location": null, "must_always_publish_copyright": false, "date_taken": "2014-07-17T15:16:53.901Z", "author": null, "_height": 800, "_width": 1200, "must_always_publish_author_credit": false, "default_alt_text": null, "default_caption": null}}, {"pk": 10, "model": "filer.image", "fields": {"subject_location": null, "must_always_publish_copyright": false, "date_taken": "2014-07-17T15:35:12.947Z", "author": null, "_height": 1920, "_width": 2560, "must_always_publish_author_credit": false, "default_alt_text": null, "default_caption": null}}, {"pk": 11, "model": "filer.image", "fields": {"subject_location": null, "must_always_publish_copyright": false, "date_taken": "2014-07-17T15:38:08.561Z", "author": null, "_height": 1200, "_width": 1600, "must_always_publish_author_credit": false, "default_alt_text": null, "default_caption": null}}, {"pk": 12, "model": "filer.image", "fields": {"subject_location": null, "must_always_publish_copyright": false, "date_taken": "2014-07-17T15:40:42.503Z", "author": null, "_height": 800, "_width": 1198, "must_always_publish_author_credit": false, "default_alt_text": null, "default_caption": null}}, {"pk": 13, "model": "filer.image", "fields": {"subject_location": null, "must_always_publish_copyright": false, "date_taken": "2014-07-17T15:42:54.632Z", "author": null, "_height": 768, "_width": 1024, "must_always_publish_author_credit": false, "default_alt_text": null, "default_caption": null}}, {"pk": 14, "model": "filer.image", "fields": {"subject_location": "", "must_always_publish_copyright": false, "date_taken": "2014-07-17T15:48:06.391Z", "author": null, "_height": 427, "_width": 640, "must_always_publish_author_credit": false, "default_alt_text": "", "default_caption": ""}}, {"pk": 15, "model": "filer.image", "fields": {"subject_location": null, "must_always_publish_copyright": false, "date_taken": "2014-07-17T15:49:36.365Z", "author": null, "_height": 427, "_width": 640, "must_always_publish_author_credit": false, "default_alt_text": null, "default_caption": null}}, {"pk": 16, "model": "filer.image", "fields": {"subject_location": null, "must_always_publish_copyright": false, "date_taken": "2014-07-17T15:49:42.185Z", "author": null, "_height": 427, "_width": 640, "must_always_publish_author_credit": false, "default_alt_text": null, "default_caption": null}}, {"pk": 17, "model": "filer.image", "fields": {"subject_location": null, "must_always_publish_copyright": false, "date_taken": "2014-07-17T15:49:43.650Z", "author": null, "_height": 427, "_width": 640, "must_always_publish_author_credit": false, "default_alt_text": null, "default_caption": null}}, {"pk": 18, "model": "filer.image", "fields": {"subject_location": null, "must_always_publish_copyright": false, "date_taken": "2014-07-17T15:50:20.650Z", "author": null, "_height": 427, "_width": 640, "must_always_publish_author_credit": false, "default_alt_text": null, "default_caption": null}}, {"pk": 19, "model": "filer.image", "fields": {"subject_location": null, "must_always_publish_copyright": false, "date_taken": "2014-07-17T15:50:20.652Z", "author": null, "_height": 427, "_width": 640, "must_always_publish_author_credit": false, "default_alt_text": null, "default_caption": null}}, {"pk": 24, "model": "filer.image", "fields": {"subject_location": null, "must_always_publish_copyright": false, "date_taken": "2014-07-17T16:01:23.116Z", "author": null, "_height": 600, "_width": 800, "must_always_publish_author_credit": false, "default_alt_text": null, "default_caption": null}}, {"pk": 25, "model": "filer.image", "fields": {"subject_location": null, "must_always_publish_copyright": false, "date_taken": "2014-07-17T16:01:31.675Z", "author": null, "_height": 600, "_width": 800, "must_always_publish_author_credit": false, "default_alt_text": null, "default_caption": null}}, {"pk": 26, "model": "filer.image", "fields": {"subject_location": null, "must_always_publish_copyright": false, "date_taken": "2014-07-17T16:01:37.122Z", "author": null, "_height": 600, "_width": 800, "must_always_publish_author_credit": false, "default_alt_text": null, "default_caption": null}}, {"pk": 27, "model": "filer.image", "fields": {"subject_location": null, "must_always_publish_copyright": false, "date_taken": "2014-07-17T16:04:34.300Z", "author": null, "_height": 427, "_width": 640, "must_always_publish_author_credit": false, "default_alt_text": null, "default_caption": null}}, {"pk": 28, "model": "filer.image", "fields": {"subject_location": null, "must_always_publish_copyright": false, "date_taken": "2014-07-17T16:06:49.804Z", "author": null, "_height": 746, "_width": 1001, "must_always_publish_author_credit": false, "default_alt_text": null, "default_caption": null}}, {"pk": 29, "model": "filer.image", "fields": {"subject_location": "", "must_always_publish_copyright": false, "date_taken": "2014-07-17T16:14:15.009Z", "author": null, "_height": 480, "_width": 640, "must_always_publish_author_credit": false, "default_alt_text": "", "default_caption": ""}}, {"pk": 30, "model": "filer.image", "fields": {"subject_location": null, "must_always_publish_copyright": false, "date_taken": "2014-07-17T16:14:28.481Z", "author": null, "_height": 480, "_width": 640, "must_always_publish_author_credit": false, "default_alt_text": null, "default_caption": null}}, {"pk": 31, "model": "filer.image", "fields": {"subject_location": null, "must_always_publish_copyright": false, "date_taken": "2014-07-17T16:14:34.319Z", "author": null, "_height": 480, "_width": 640, "must_always_publish_author_credit": false, "default_alt_text": null, "default_caption": null}}, {"pk": 32, "model": "filer.image", "fields": {"subject_location": null, "must_always_publish_copyright": false, "date_taken": "2014-07-18T12:40:36.029Z", "author": null, "_height": 142, "_width": 660, "must_always_publish_author_credit": false, "default_alt_text": null, "default_caption": null}}, {"pk": 33, "model": "filer.image", "fields": {"subject_location": null, "must_always_publish_copyright": false, "date_taken": "2014-07-18T12:41:58.897Z", "author": null, "_height": 110, "_width": 660, "must_always_publish_author_credit": false, "default_alt_text": null, "default_caption": null}}, {"pk": 34, "model": "filer.image", "fields": {"subject_location": null, "must_always_publish_copyright": false, "date_taken": "2014-07-18T12:43:00.919Z", "author": null, "_height": 160, "_width": 972, "must_always_publish_author_credit": false, "default_alt_text": null, "default_caption": null}}, {"pk": 35, "model": "filer.image", "fields": {"subject_location": null, "must_always_publish_copyright": false, "date_taken": "2014-07-18T12:44:15.795Z", "author": null, "_height": 140, "_width": 660, "must_always_publish_author_credit": false, "default_alt_text": null, "default_caption": null}}, {"pk": 36, "model": "filer.image", "fields": {"subject_location": null, "must_always_publish_copyright": false, "date_taken": "2014-07-18T12:54:20.322Z", "author": null, "_height": 93, "_width": 188, "must_always_publish_author_credit": false, "default_alt_text": null, "default_caption": null}}, {"pk": 37, "model": "filer.image", "fields": {"subject_location": null, "must_always_publish_copyright": false, "date_taken": "2014-07-18T12:56:31.917Z", "author": null, "_height": 274, "_width": 640, "must_always_publish_author_credit": false, "default_alt_text": null, "default_caption": null}}, {"pk": 38, "model": "filer.image", "fields": {"subject_location": null, "must_always_publish_copyright": false, "date_taken": "2014-07-18T12:59:14.845Z", "author": null, "_height": 393, "_width": 791, "must_always_publish_author_credit": false, "default_alt_text": null, "default_caption": null}}, {"pk": 39, "model": "filer.image", "fields": {"subject_location": null, "must_always_publish_copyright": false, "date_taken": "2014-07-18T13:05:48.726Z", "author": null, "_height": 388, "_width": 640, "must_always_publish_author_credit": false, "default_alt_text": null, "default_caption": null}}, {"pk": 40, "model": "filer.image", "fields": {"subject_location": null, "must_always_publish_copyright": false, "date_taken": "2014-07-18T13:07:45.175Z", "author": null, "_height": 227, "_width": 640, "must_always_publish_author_credit": false, "default_alt_text": null, "default_caption": null}}, {"pk": 41, "model": "filer.image", "fields": {"subject_location": null, "must_always_publish_copyright": false, "date_taken": "2014-07-18T13:08:10.731Z", "author": null, "_height": 274, "_width": 640, "must_always_publish_author_credit": false, "default_alt_text": null, "default_caption": null}}, {"pk": 42, "model": "filer.image", "fields": {"subject_location": null, "must_always_publish_copyright": false, "date_taken": "2014-07-18T13:19:57.074Z", "author": null, "_height": 329, "_width": 219, "must_always_publish_author_credit": false, "default_alt_text": null, "default_caption": null}}, {"pk": 43, "model": "filer.image", "fields": {"subject_location": null, "must_always_publish_copyright": false, "date_taken": "2014-07-18T13:26:20.081Z", "author": null, "_height": 329, "_width": 219, "must_always_publish_author_credit": false, "default_alt_text": null, "default_caption": null}}]